Timestamp,Symbol,Open Price,Close Price,High Price,Low Price,Volume,Number of Trades,Quote Asset Volume
2025-01-23 10:31:59.999,BTCUSDT,101970.0,102009.43,102027.31,101970.0,23.32051,3129.0,2378525.1364881
2025-01-23 10:31:59.999,ETHUSDT,3211.2,3211.48,3212.5,3210.68,197.1074,1374.0,633036.091925
2025-01-23 10:31:59.999,BNBUSDT,685.81,685.69,685.94,685.61,137.848,344.0,94533.53425
2025-01-23 10:31:59.999,BTCUSDT,101970.0,101963.56,102027.31,101963.56,27.32385,3624.0,2786784.4836267
2025-01-23 10:31:59.999,ETHUSDT,3211.2,3209.99,3212.5,3209.99,205.6026,1576.0,660312.318944
2025-01-23 10:31:59.999,BNBUSDT,685.81,685.63,685.94,685.61,139.01,367.0,95330.25077
2025-01-23 10:31:59.999,BNBUSDT,685.81,685.63,685.94,685.61,139.156,368.0,95430.35275
2025-01-23 10:31:59.999,BTCUSDT,101970.0,101962.94,102027.31,101962.94,27.32885,3636.0,2787294.2983653
2025-01-23 10:32:59.999,BTCUSDT,101962.94,101962.94,101962.94,101962.94,0.0,0.0,0.0
2025-01-23 10:31:59.999,ETHUSDT,3211.2,3209.95,3212.5,3209.94,205.9201,1583.0,661331.477309
2025-01-23 10:32:59.999,ETHUSDT,3209.95,3209.95,3209.95,3209.95,0.0,0.0,0.0
2025-01-23 10:32:59.999,BNBUSDT,685.63,685.63,685.63,685.63,0.18,1.0,123.4134
2025-01-23 10:32:59.999,BTCUSDT,101962.94,101962.94,101962.95,101962.94,0.23938,41.0,24407.8894414
2025-01-23 10:32:59.999,ETHUSDT,3209.94,3209.94,3209.94,3209.94,0.2757,5.0,884.980458
2025-01-23 10:32:59.999,BNBUSDT,685.63,685.63,685.63,685.63,0.194,2.0,133.01222
2025-01-23 10:32:59.999,BTCUSDT,101962.94,101969.97,101969.97,101962.14,0.48094,194.0,49037.9356587
2025-01-23 10:32:59.999,ETHUSDT,3209.94,3209.95,3209.95,3209.94,2.3045,14.0,7397.327018
2025-01-23 10:32:59.999,BTCUSDT,101962.94,101969.98,101969.98,101962.14,0.48819,196.0,49777.2180137
2025-01-23 10:32:59.999,ETHUSDT,3209.94,3210.06,3210.29,3209.68,237.8597,244.0,763542.261392
2025-01-23 10:32:59.999,BNBUSDT,685.63,685.63,685.63,685.62,0.843,10.0,577.98443
2025-01-23 10:32:59.999,BTCUSDT,101962.94,101969.98,101969.98,101962.14,0.49697,203.0,50672.5143904
2025-01-23 10:32:59.999,ETHUSDT,3209.94,3209.7,3210.29,3209.68,238.9767,275.0,767127.511487
2025-01-23 10:32:59.999,BNBUSDT,685.63,685.63,685.63,685.62,1.059,13.0,726.07994
2025-01-23 10:32:59.999,BTCUSDT,101962.94,101969.97,101969.98,101962.14,0.55831,213.0,56927.3524755
2025-01-23 10:32:59.999,ETHUSDT,3209.94,3209.7,3210.29,3209.68,239.1761,284.0,767767.525472
2025-01-23 10:32:59.999,BNBUSDT,685.63,685.59,685.63,685.58,2.601,33.0,1783.27335
2025-01-23 10:32:59.999,BTCUSDT,101962.94,101969.98,101969.98,101962.14,0.56002,217.0,57101.7211413
2025-01-23 10:32:59.999,ETHUSDT,3209.94,3209.7,3210.29,3209.68,242.3446,288.0,777937.454152
2025-01-23 10:32:59.999,BNBUSDT,685.63,685.58,685.63,685.58,2.616,35.0,1793.55705
2025-01-23 10:32:59.999,BTCUSDT,101962.94,101959.2,101969.98,101959.2,1.15356,464.0,117621.4687303
2025-01-23 10:32:59.999,ETHUSDT,3209.94,3209.06,3210.29,3209.06,245.0301,383.0,786556.238863
2025-01-23 10:32:59.999,BNBUSDT,685.63,685.58,685.63,685.58,3.043,45.0,2086.30048
2025-01-23 10:32:59.999,BTCUSDT,101962.94,101958.46,101969.98,101958.45,1.15663,474.0,117934.4811973
2025-01-23 10:32:59.999,ETHUSDT,3209.94,3209.06,3210.29,3209.05,245.2513,389.0,787266.081392
2025-01-23 10:32:59.999,BNBUSDT,685.63,685.59,685.63,685.58,4.801,52.0,3291.56761
2025-01-23 10:32:59.999,BTCUSDT,101962.94,101958.45,101969.98,101958.45,1.20183,487.0,122543.0034792
2025-01-23 10:32:59.999,ETHUSDT,3209.94,3209.05,3210.29,3209.05,245.4177,394.0,787800.068131
2025-01-23 10:32:59.999,BNBUSDT,685.63,685.59,685.63,685.58,5.19,57.0,3558.26057
2025-01-23 10:32:59.999,BTCUSDT,101962.94,101958.46,101969.98,101958.45,1.22414,503.0,124817.6967016
2025-01-23 10:32:59.999,ETHUSDT,3209.94,3209.05,3210.29,3209.05,245.6977,395.0,788698.602131
2025-01-23 10:32:59.999,BNBUSDT,685.63,685.59,685.63,685.58,5.746,63.0,3939.44842
2025-01-23 10:32:59.999,BTCUSDT,101962.94,101958.46,101969.98,101958.45,1.2382,508.0,126251.2326447
2025-01-23 10:32:59.999,ETHUSDT,3209.94,3209.06,3210.29,3209.05,245.6992,396.0,788703.415721
2025-01-23 10:32:59.999,BNBUSDT,685.63,685.58,685.63,685.58,6.136,66.0,4206.82462
2025-01-23 10:32:59.999,BTCUSDT,101962.94,101956.81,101969.98,101956.8,1.8336,593.0,186957.2735291
2025-01-23 10:32:59.999,ETHUSDT,3209.94,3208.85,3210.29,3208.85,257.5658,485.0,826783.19949
2025-01-23 10:32:59.999,BNBUSDT,685.63,685.58,685.63,685.58,15.24,88.0,10448.40556
2025-01-23 10:32:59.999,BTCUSDT,101962.94,101938.84,101969.98,101938.83,3.22095,875.0,328392.9281473
2025-01-23 10:32:59.999,ETHUSDT,3209.94,3208.65,3210.29,3208.65,258.122,507.0,828567.96548
2025-01-23 10:32:59.999,BNBUSDT,685.63,685.48,685.63,685.48,33.419,130.0,22910.85729
2025-01-23 10:32:59.999,BTCUSDT,101962.94,101947.22,101969.98,101938.83,3.27082,985.0,333476.7613378
2025-01-23 10:32:59.999,ETHUSDT,3209.94,3208.65,3210.29,3208.65,258.1484,511.0,828652.67384
2025-01-23 10:32:59.999,BTCUSDT,101962.94,101947.22,101969.98,101938.83,3.42102,995.0,348789.2337484
2025-01-23 10:32:59.999,ETHUSDT,3209.94,3208.65,3210.29,3208.65,258.1779,516.0,828747.329015
2025-01-23 10:32:59.999,BNBUSDT,685.63,685.48,685.63,685.47,35.362,136.0,24242.72785
2025-01-23 10:32:59.999,BTCUSDT,101962.94,101947.21,101969.98,101938.83,3.61217,1011.0,368276.4431163
2025-01-23 10:32:59.999,ETHUSDT,3209.94,3208.65,3210.29,3208.64,258.6506,528.0,830264.054877
2025-01-23 10:32:59.999,BNBUSDT,685.63,685.47,685.63,685.47,37.005,138.0,25368.97132
2025-01-23 10:32:59.999,BTCUSDT,101962.94,101947.22,101969.98,101938.83,3.61837,1019.0,368908.5158369
2025-01-23 10:32:59.999,ETHUSDT,3209.94,3208.65,3210.29,3208.64,259.0895,530.0,831672.327061
2025-01-23 10:32:59.999,BNBUSDT,685.63,685.48,685.63,685.47,37.093,139.0,25429.29356
2025-01-23 10:32:59.999,BTCUSDT,101962.94,101947.21,101969.98,101938.83,3.62857,1031.0,369948.3774178
2025-01-23 10:32:59.999,ETHUSDT,3209.94,3208.65,3210.29,3208.64,260.2504,537.0,835397.24757
2025-01-23 10:32:59.999,BNBUSDT,685.63,685.48,685.63,685.47,37.279,147.0,25556.79187
2025-01-23 10:32:59.999,BTCUSDT,101962.94,101947.22,101969.98,101938.83,3.6368,1034.0,370787.4030356
2025-01-23 10:32:59.999,ETHUSDT,3209.94,3208.64,3210.29,3208.64,260.6,543.0,836518.989165
2025-01-23 10:32:59.999,BNBUSDT,685.63,685.48,685.63,685.47,37.707,150.0,25850.17731
2025-01-23 10:32:59.999,BTCUSDT,101962.94,101934.77,101969.98,101934.77,3.83723,1144.0,391220.2889558
2025-01-23 10:32:59.999,ETHUSDT,3209.94,3208.65,3210.29,3208.64,260.6272,545.0,836606.264445
2025-01-23 10:32:59.999,BNBUSDT,685.63,685.47,685.63,685.47,38.283,152.0,26245.00803
2025-01-23 10:32:59.999,BTCUSDT,101962.94,101934.78,101969.98,101934.77,3.8382,1145.0,391319.1656924
2025-01-23 10:32:59.999,ETHUSDT,3209.94,3208.65,3210.29,3208.64,260.8512,547.0,837325.002045
2025-01-23 10:32:59.999,BNBUSDT,685.63,685.48,685.63,685.47,39.861,156.0,27326.69525
2025-01-23 10:32:59.999,BTCUSDT,101962.94,101934.77,101969.98,101934.77,5.67965,1187.0,579026.9480982
2025-01-23 10:32:59.999,ETHUSDT,3209.94,3208.64,3210.29,3208.64,262.0474,557.0,841163.18738
2025-01-23 10:32:59.999,BNBUSDT,685.63,685.47,685.63,685.47,40.138,160.0,27516.57189
2025-01-23 10:32:59.999,BTCUSDT,101962.94,101934.78,101969.98,101934.77,5.68493,1191.0,579565.1637359
2025-01-23 10:32:59.999,ETHUSDT,3209.94,3208.65,3210.29,3208.64,262.6763,559.0,843181.107365
2025-01-23 10:32:59.999,BNBUSDT,685.63,685.47,685.63,685.47,47.67,168.0,32679.60711
2025-01-23 10:32:59.999,BTCUSDT,101962.94,101934.77,101969.98,101934.77,5.71295,1202.0,582421.3760156
2025-01-23 10:32:59.999,ETHUSDT,3209.94,3208.65,3210.29,3208.64,264.9288,570.0,850408.583344
2025-01-23 10:32:59.999,BNBUSDT,685.63,685.48,685.63,685.47,48.616,179.0,33328.07101
2025-01-23 10:32:59.999,BNBUSDT,685.63,685.48,685.63,685.47,50.711,186.0,34764.15293
2025-01-23 10:32:59.999,BTCUSDT,101962.94,101934.78,101969.98,101934.77,5.97105,1214.0,608730.7403994
2025-01-23 10:33:59.999,BTCUSDT,101934.78,101934.78,101934.78,101934.78,0.0,0.0,0.0
2025-01-23 10:32:59.999,ETHUSDT,3209.94,3208.65,3210.29,3208.64,265.6738,577.0,852799.027249
2025-01-23 10:33:59.999,ETHUSDT,3208.65,3208.65,3208.65,3208.65,0.0,0.0,0.0
2025-01-23 10:33:59.999,BNBUSDT,685.48,685.49,685.49,685.48,5.11,5.0,3502.83764
2025-01-23 10:33:59.999,BTCUSDT,101934.78,101934.77,101934.78,101934.77,0.01622,5.0,1653.3820498
2025-01-23 10:33:59.999,ETHUSDT,3208.64,3208.65,3208.65,3208.64,0.0834,3.0,267.600776
2025-01-23 10:33:59.999,BNBUSDT,685.48,685.55,685.55,685.48,18.083,49.0,12395.99619
2025-01-23 10:33:59.999,BTCUSDT,101934.78,101934.78,101934.78,101934.77,0.02609,14.0,2659.4783284
2025-01-23 10:33:59.999,ETHUSDT,3208.64,3208.96,3208.96,3208.64,5.5597,107.0,17839.210892
2025-01-23 10:33:59.999,BNBUSDT,685.48,685.55,685.56,685.48,18.18,52.0,12462.49483
2025-01-23 10:33:59.999,BTCUSDT,101934.78,101947.22,101947.22,101934.77,0.87705,217.0,89402.6437942
2025-01-23 10:33:59.999,ETHUSDT,3208.64,3208.95,3208.96,3208.64,6.2654,115.0,20103.767502
2025-01-23 10:33:59.999,BNBUSDT,685.48,685.55,685.56,685.48,18.292,59.0,12539.2773
2025-01-23 10:33:59.999,BTCUSDT,101934.78,101947.22,101947.22,101934.77,1.31976,270.0,134535.6937626
2025-01-23 10:33:59.999,ETHUSDT,3208.64,3208.95,3208.96,3208.64,10.873,158.0,34889.364625
2025-01-23 10:33:59.999,BNBUSDT,685.48,685.58,685.58,685.48,28.796,86.0,19740.34974
2025-01-23 10:33:59.999,BTCUSDT,101934.78,101965.49,101966.9,101934.77,2.29739,599.0,234209.3860955
2025-01-23 10:33:59.999,ETHUSDT,3208.64,3208.95,3208.96,3208.64,11.2418,162.0,36072.828198
2025-01-23 10:33:59.999,BNBUSDT,685.48,685.58,685.58,685.48,28.972,89.0,19861.01168
2025-01-23 10:33:59.999,BTCUSDT,101934.78,101967.02,101967.02,101934.77,2.33717,629.0,238265.6333361
2025-01-23 10:33:59.999,ETHUSDT,3208.64,3208.95,3208.96,3208.64,14.2418,166.0,45699.678198
2025-01-23 10:33:59.999,BNBUSDT,685.48,685.57,685.58,685.48,29.1,90.0,19948.76464
2025-01-23 10:33:59.999,BTCUSDT,101934.78,101967.02,101967.02,101934.77,2.456,640.0,250382.3732009
2025-01-23 10:33:59.999,ETHUSDT,3208.64,3208.79,3208.96,3208.64,15.149,189.0,48610.778666
2025-01-23 10:33:59.999,BNBUSDT,685.48,685.54,685.58,685.48,32.012,110.0,21945.11997
2025-01-23 10:33:59.999,BTCUSDT,101934.78,101967.16,101967.16,101934.77,2.48808,685.0,253653.477612
2025-01-23 10:33:59.999,ETHUSDT,3208.64,3208.77,3208.96,3208.64,28.6477,201.0,91924.930203
2025-01-23 10:33:59.999,BNBUSDT,685.48,685.54,685.58,685.48,43.184,115.0,29603.86125
2025-01-23 10:33:59.999,BTCUSDT,101934.78,101967.27,101967.27,101934.77,2.50584,716.0,255464.4163272
2025-01-23 10:33:59.999,ETHUSDT,3208.64,3208.76,3208.96,3208.64,62.9874,240.0,202112.78695
2025-01-23 10:33:59.999,BNBUSDT,685.48,685.54,685.58,685.48,43.891,122.0,30088.53284
2025-01-23 10:33:59.999,BTCUSDT,101934.78,101960.03,101967.27,101934.77,2.64878,880.0,270039.5436434
2025-01-23 10:33:59.999,ETHUSDT,3208.64,3208.55,3208.96,3208.55,67.9811,279.0,218136.21603
2025-01-23 10:33:59.999,BTCUSDT,101934.78,101960.03,101967.27,101934.77,2.99677,914.0,305520.6125214
2025-01-23 10:33:59.999,ETHUSDT,3208.64,3208.17,3208.96,3208.16,102.9374,400.0,330288.65974
2025-01-23 10:33:59.999,BNBUSDT,685.48,685.41,685.58,685.4,79.533,221.0,54519.80488
2025-01-23 10:33:59.999,BTCUSDT,101934.78,101960.02,101967.27,101934.77,3.02451,920.0,308348.9837234
2025-01-23 10:33:59.999,ETHUSDT,3208.64,3207.68,3208.96,3207.67,105.4587,453.0,338376.993717
2025-01-23 10:33:59.999,BNBUSDT,685.48,685.3,685.58,685.3,94.798,273.0,64981.9465
2025-01-23 10:33:59.999,BTCUSDT,101934.78,101956.16,101967.27,101934.77,3.10685,1020.0,316744.3231369
2025-01-23 10:33:59.999,ETHUSDT,3208.64,3207.68,3208.96,3207.67,107.0479,463.0,343474.637911
2025-01-23 10:33:59.999,BNBUSDT,685.48,685.3,685.58,685.3,94.963,276.0,65095.02107
2025-01-23 10:33:59.999,BTCUSDT,101934.78,101956.15,101967.27,101934.77,3.12231,1027.0,318320.5653398
2025-01-23 10:33:59.999,ETHUSDT,3208.64,3207.67,3208.96,3207.67,121.8143,470.0,390840.456113
2025-01-23 10:33:59.999,BNBUSDT,685.48,685.31,685.58,685.3,100.065,293.0,68591.47269
2025-01-23 10:33:59.999,BTCUSDT,101934.78,101968.18,101968.18,101934.77,8.78485,1264.0,895712.4960046
2025-01-23 10:33:59.999,ETHUSDT,3208.64,3207.68,3208.96,3207.67,124.4194,482.0,399196.783184
2025-01-23 10:33:59.999,BNBUSDT,685.48,685.35,685.58,685.3,100.283,312.0,68740.87605
2025-01-23 10:33:59.999,BTCUSDT,101934.78,101971.94,101971.94,101934.77,8.84861,1366.0,902214.1120753
2025-01-23 10:33:59.999,ETHUSDT,3208.64,3207.68,3208.96,3207.67,126.4725,490.0,405782.450967
2025-01-23 10:33:59.999,BNBUSDT,685.48,685.34,685.58,685.3,100.651,323.0,68993.08428
2025-01-23 10:33:59.999,BTCUSDT,101934.78,101976.0,101976.0,101934.77,8.95864,1460.0,913434.2233348
2025-01-23 10:33:59.999,ETHUSDT,3208.64,3207.35,3208.96,3207.35,155.0802,579.0,497540.134551
2025-01-23 10:33:59.999,BNBUSDT,685.48,685.34,685.58,685.3,100.84,327.0,69122.61527
2025-01-23 10:33:59.999,BTCUSDT,101934.78,101979.18,101979.18,101934.77,9.10389,1597.0,928246.6147537
2025-01-23 10:33:59.999,ETHUSDT,3208.64,3207.35,3208.96,3207.03,322.8247,857.0,1035560.523915
2025-01-23 10:33:59.999,BNBUSDT,685.48,685.35,685.58,685.3,102.117,341.0,69997.80194
2025-01-23 10:33:59.999,BNBUSDT,685.48,685.34,685.58,685.3,102.234,344.0,70077.98679
2025-01-23 10:33:59.999,BTCUSDT,101934.78,101987.98,101987.99,101934.77,9.2117,1691.0,939241.3205529
2025-01-23 10:34:59.999,BTCUSDT,101987.98,101987.98,101987.98,101987.98,0.0,0.0,0.0
2025-01-23 10:33:59.999,ETHUSDT,3208.64,3207.35,3208.96,3207.03,324.5513,867.0,1041098.339397
2025-01-23 10:34:59.999,ETHUSDT,3207.35,3207.35,3207.35,3207.35,0.0,0.0,0.0
2025-01-23 10:34:59.999,BNBUSDT,685.34,685.34,685.34,685.34,0.0,0.0,0.0
2025-01-23 10:34:59.999,BTCUSDT,101987.99,101987.99,101987.99,101987.98,0.02858,18.0,2914.8165923
2025-01-23 10:34:59.999,ETHUSDT,3207.35,3207.36,3207.36,3207.35,1.0828,10.0,3472.922236
2025-01-23 10:34:59.999,BNBUSDT,685.35,685.4,685.4,685.35,0.175,21.0,119.93984
2025-01-23 10:34:59.999,BTCUSDT,101987.99,101987.99,101987.99,101987.98,0.04183,34.0,4266.1574107
2025-01-23 10:34:59.999,ETHUSDT,3207.35,3207.36,3207.36,3207.35,1.5097,18.0,4842.143974
2025-01-23 10:34:59.999,BNBUSDT,685.35,685.4,685.4,685.35,0.189,23.0,129.53544
2025-01-23 10:34:59.999,BTCUSDT,101987.99,101957.64,101988.0,101957.63,9.14421,526.0,932490.0887854
2025-01-23 10:34:59.999,ETHUSDT,3207.35,3207.07,3207.36,3207.06,31.3819,98.0,100651.632263
2025-01-23 10:34:59.999,BNBUSDT,685.35,685.31,685.4,685.3,30.204,78.0,20701.12613
2025-01-23 10:34:59.999,BTCUSDT,101987.99,101946.23,101988.0,101946.23,9.4706,767.0,965767.2455319
2025-01-23 10:34:59.999,ETHUSDT,3207.35,3206.88,3207.36,3206.87,44.127,153.0,141525.813252
2025-01-23 10:34:59.999,BNBUSDT,685.35,685.28,685.4,685.27,31.671,94.0,21706.45801
2025-01-23 10:34:59.999,BTCUSDT,101987.99,101946.23,101988.0,101946.23,9.50214,771.0,968982.6296261
2025-01-23 10:34:59.999,ETHUSDT,3207.35,3206.88,3207.36,3206.87,45.2014,157.0,144971.285124
2025-01-23 10:34:59.999,BNBUSDT,685.35,685.27,685.4,685.27,31.958,98.0,21903.13145
2025-01-23 10:34:59.999,BTCUSDT,101987.99,101946.22,101988.0,101946.22,9.81553,810.0,1000931.5569492
2025-01-23 10:34:59.999,ETHUSDT,3207.35,3207.21,3207.36,3206.73,64.7845,318.0,207771.409711
2025-01-23 10:34:59.999,BNBUSDT,685.35,685.28,685.4,685.27,34.521,119.0,23659.4981
2025-01-23 10:34:59.999,BTCUSDT,101987.99,101946.23,101988.0,101946.22,9.87927,823.0,1007429.6094525
2025-01-23 10:34:59.999,ETHUSDT,3207.35,3207.28,3207.36,3206.73,65.9675,354.0,211565.559461
2025-01-23 10:34:59.999,BNBUSDT,685.35,685.28,685.4,685.27,34.771,125.0,23830.81655
2025-01-23 10:34:59.999,BTCUSDT,101987.99,101946.22,101988.0,101946.22,9.99262,845.0,1018985.2136663
2025-01-23 10:34:59.999,ETHUSDT,3207.35,3207.28,3207.36,3206.73,67.3312,369.0,215939.340356
2025-01-23 10:34:59.999,BNBUSDT,685.35,685.27,685.4,685.27,34.838,131.0,23876.72971
2025-01-23 10:34:59.999,BTCUSDT,101987.99,101946.22,101988.0,101946.22,10.01999,855.0,1021775.4817865
2025-01-23 10:34:59.999,ETHUSDT,3207.35,3207.29,3207.36,3206.73,67.4894,372.0,216446.73278
2025-01-23 10:34:59.999,BNBUSDT,685.35,685.28,685.4,685.27,35.866,136.0,24581.18755
2025-01-23 10:34:59.999,BTCUSDT,101987.99,101946.22,101988.0,101946.22,10.04897,870.0,1024729.8834904
2025-01-23 10:34:59.999,ETHUSDT,3207.35,3207.29,3207.36,3206.73,70.8322,378.0,227168.061792
2025-01-23 10:34:59.999,BNBUSDT,685.35,685.28,685.4,685.27,36.07,140.0,24720.98467
2025-01-23 10:34:59.999,BTCUSDT,101987.99,101946.23,101988.0,101946.22,10.05589,874.0,1025435.351398
2025-01-23 10:34:59.999,ETHUSDT,3207.35,3207.29,3207.36,3206.73,72.0407,381.0,231044.069899
2025-01-23 10:34:59.999,BNBUSDT,685.35,685.28,685.4,685.27,36.206,142.0,24814.18146
2025-01-23 10:34:59.999,BTCUSDT,101987.99,101946.23,101988.0,101946.22,10.06225,882.0,1026083.729398
2025-01-23 10:34:59.999,ETHUSDT,3207.35,3207.29,3207.36,3206.73,72.2196,386.0,231617.852899
2025-01-23 10:34:59.999,BNBUSDT,685.35,685.28,685.4,685.27,36.253,145.0,24846.38962
2025-01-23 10:34:59.999,BTCUSDT,101987.99,101946.23,101988.0,101946.22,10.17703,888.0,1037785.1166382
2025-01-23 10:34:59.999,ETHUSDT,3207.35,3207.28,3207.36,3206.73,72.3323,389.0,231979.314323
2025-01-23 10:34:59.999,BNBUSDT,685.35,685.28,685.4,685.27,58.059,154.0,39789.3876
2025-01-23 10:34:59.999,BTCUSDT,101987.99,101946.23,101988.0,101946.22,10.17952,896.0,1038038.9627309
2025-01-23 10:34:59.999,ETHUSDT,3207.35,3207.28,3207.36,3206.73,74.057,396.0,237510.910532
2025-01-23 10:34:59.999,BNBUSDT,685.35,685.28,685.4,685.27,58.08,157.0,39803.77848
2025-01-23 10:34:59.999,BTCUSDT,101987.99,101941.0,101988.0,101941.0,10.42444,1048.0,1063007.5659528
2025-01-23 10:34:59.999,ETHUSDT,3207.35,3206.73,3207.36,3206.73,155.882,555.0,499930.267879
2025-01-23 10:34:59.999,BNBUSDT,685.35,685.28,685.4,685.27,58.101,160.0,39818.16936
2025-01-23 10:34:59.999,BTCUSDT,101987.99,101933.65,101988.0,101933.65,10.60346,1226.0,1081256.47874
2025-01-23 10:34:59.999,ETHUSDT,3207.35,3206.04,3207.36,3206.04,165.8288,755.0,531823.884109
2025-01-23 10:34:59.999,BNBUSDT,685.35,685.11,685.4,685.11,65.597,229.0,44954.80946
2025-01-23 10:34:59.999,BTCUSDT,101987.99,101933.65,101988.0,101933.65,10.64007,1236.0,1084988.2697537
2025-01-23 10:34:59.999,ETHUSDT,3207.35,3205.22,3207.36,3205.18,217.1461,934.0,696307.723002
2025-01-23 10:34:59.999,BNBUSDT,685.35,685.1,685.4,685.1,66.841,235.0,45807.07539
2025-01-23 10:34:59.999,BTCUSDT,101987.99,101933.66,101988.0,101933.65,10.64284,1241.0,1085270.6259869
2025-01-23 10:34:59.999,ETHUSDT,3207.35,3205.39,3207.36,3205.18,217.7538,993.0,698255.583224
2025-01-23 10:34:59.999,BTCUSDT,101987.99,101933.66,101988.0,101933.65,10.65853,1247.0,1086869.9650176
2025-01-23 10:34:59.999,ETHUSDT,3207.35,3205.78,3207.36,3205.18,218.5487,1066.0,700803.701315
2025-01-23 10:34:59.999,BNBUSDT,685.35,685.11,685.4,685.1,67.34,236.0,46148.94528
2025-01-23 10:34:59.999,BTCUSDT,101987.99,101933.66,101988.0,101933.65,10.65951,1248.0,1086969.8600044
2025-01-23 10:34:59.999,ETHUSDT,3207.35,3205.88,3207.36,3205.18,218.9445,1100.0,702072.559568
2025-01-23 10:34:59.999,BNBUSDT,685.35,685.1,685.4,685.1,75.051,245.0,51431.82758
2025-01-23 10:34:59.999,BTCUSDT,101987.99,101923.47,101988.0,101923.47,18.19427,1423.0,1855014.636626
2025-01-23 10:34:59.999,ETHUSDT,3207.35,3205.87,3207.36,3205.18,219.8472,1111.0,704966.499918
2025-01-23 10:34:59.999,BNBUSDT,685.35,685.05,685.4,685.04,93.865,280.0,64320.44125
2025-01-23 10:34:59.999,BTCUSDT,101987.99,101923.47,101988.0,101923.46,18.20336,1436.0,1855941.1209574
2025-01-23 10:34:59.999,ETHUSDT,3207.35,3205.56,3207.36,3205.18,228.3714,1179.0,732292.427919
2025-01-23 10:34:59.999,BNBUSDT,685.35,685.0,685.4,685.0,96.212,299.0,65928.15441
2025-01-23 10:34:59.999,BTCUSDT,101987.99,101920.01,101988.0,101920.0,20.0096,1591.0,2040038.8490766
2025-01-23 10:34:59.999,ETHUSDT,3207.35,3206.24,3207.36,3205.18,248.5467,1288.0,796975.76653
2025-01-23 10:34:59.999,BNBUSDT,685.35,685.02,685.4,685.0,97.66,312.0,66920.05303
2025-01-23 10:34:59.999,BTCUSDT,101987.99,101920.0,101988.0,101920.0,20.24905,1622.0,2064443.5938608
2025-01-23 10:34:59.999,ETHUSDT,3207.35,3206.1,3207.36,3205.18,249.2817,1307.0,799332.351856
2025-01-23 10:34:59.999,BTCUSDT,101987.99,101920.01,101988.0,101920.0,20.27633,1631.0,2067223.9717325
2025-01-23 10:34:59.999,ETHUSDT,3207.35,3206.11,3207.36,3205.18,249.8867,1320.0,801272.044201
2025-01-23 10:34:59.999,BNBUSDT,685.35,685.02,685.4,685.0,97.673,313.0,66928.95829
2025-01-23 10:34:59.999,BTCUSDT,101987.99,101920.0,101988.0,101920.0,20.29624,1637.0,2069253.1991219
2025-01-23 10:34:59.999,ETHUSDT,3207.35,3206.11,3207.36,3205.18,251.9991,1325.0,808044.630965
2025-01-23 10:34:59.999,BNBUSDT,685.35,685.01,685.4,685.0,101.336,326.0,69438.15028
2025-01-23 10:34:59.999,BNBUSDT,685.35,685.02,685.4,685.0,101.483,330.0,69538.84799
2025-01-23 10:34:59.999,BTCUSDT,101987.99,101920.0,101988.0,101920.0,20.39627,1643.0,2079448.2577056
2025-01-23 10:35:59.999,BTCUSDT,101920.0,101920.0,101920.0,101920.0,0.0,0.0,0.0
2025-01-23 10:34:59.999,ETHUSDT,3207.35,3206.11,3207.36,3205.18,252.322,1329.0,809079.883544
2025-01-23 10:35:59.999,ETHUSDT,3206.11,3206.11,3206.11,3206.11,0.0,0.0,0.0
2025-01-23 10:35:59.999,BNBUSDT,685.01,685.01,685.01,685.01,0.013,1.0,8.90513
2025-01-23 10:35:59.999,BTCUSDT,101920.0,101920.0,101920.01,101920.0,0.01383,9.0,1409.5537336
2025-01-23 10:35:59.999,ETHUSDT,3206.11,3206.1,3206.11,3206.1,1.7635,17.0,5653.967682
2025-01-23 10:35:59.999,BNBUSDT,685.01,685.01,685.02,685.01,0.608,4.0,416.48629
2025-01-23 10:35:59.999,BTCUSDT,101920.0,101920.01,101920.01,101920.0,0.05805,27.0,5916.4564878
2025-01-23 10:35:59.999,ETHUSDT,3206.11,3206.11,3206.11,3206.1,3.2386,20.0,10383.285823
2025-01-23 10:35:59.999,BNBUSDT,685.01,685.0,685.02,685.0,4.019,13.0,2753.05542
2025-01-23 10:35:59.999,BTCUSDT,101920.0,101920.01,101920.01,101920.0,0.09809,41.0,9997.3336343
2025-01-23 10:35:59.999,ETHUSDT,3206.11,3206.11,3206.21,3206.1,14.2997,199.0,45846.680408
2025-01-23 10:35:59.999,BNBUSDT,685.01,684.95,685.02,684.95,107.746,62.0,73806.07004
2025-01-23 10:35:59.999,BTCUSDT,101920.0,101928.81,101928.81,101920.0,1.65918,226.0,169103.8039429
2025-01-23 10:35:59.999,ETHUSDT,3206.11,3205.75,3206.21,3205.75,17.3858,271.0,55740.432675
2025-01-23 10:35:59.999,BNBUSDT,685.01,684.82,685.02,684.81,125.304,118.0,85830.78932
2025-01-23 10:35:59.999,BTCUSDT,101920.0,101933.63,101933.63,101920.0,1.79983,345.0,183440.7027112
2025-01-23 10:35:59.999,ETHUSDT,3206.11,3206.18,3206.21,3205.75,20.594,335.0,66026.154262
2025-01-23 10:35:59.999,BNBUSDT,685.01,684.82,685.02,684.81,125.325,121.0,85845.17054
2025-01-23 10:35:59.999,BTCUSDT,101920.0,101958.0,101958.57,101920.0,10.83137,507.0,1104203.5367079
2025-01-23 10:35:59.999,ETHUSDT,3206.11,3206.21,3206.21,3205.75,21.9559,356.0,70392.647541
2025-01-23 10:35:59.999,BNBUSDT,685.01,684.82,685.02,684.81,125.436,124.0,85921.18486
2025-01-23 10:35:59.999,BTCUSDT,101920.0,101958.0,101958.57,101920.0,10.90672,525.0,1111886.0713162
2025-01-23 10:35:59.999,ETHUSDT,3206.11,3206.67,3206.67,3205.75,25.0206,456.0,80218.986306
2025-01-23 10:35:59.999,BNBUSDT,685.01,684.82,685.02,684.81,125.665,126.0,86078.00864
2025-01-23 10:35:59.999,BTCUSDT,101920.0,101941.28,101958.57,101920.0,11.73459,743.0,1196287.29072
2025-01-23 10:35:59.999,ETHUSDT,3206.11,3205.77,3206.67,3205.75,31.6892,657.0,101598.844893
2025-01-23 10:35:59.999,BNBUSDT,685.01,684.81,685.02,684.8,127.649,143.0,87436.67337
2025-01-23 10:35:59.999,BTCUSDT,101920.0,101925.51,101958.57,101920.0,11.90283,929.0,1213437.1914393
2025-01-23 10:35:59.999,ETHUSDT,3206.11,3205.03,3206.67,3205.03,40.7231,759.0,130556.431719
2025-01-23 10:35:59.999,BNBUSDT,685.01,684.75,685.02,684.74,129.655,182.0,88810.34463
2025-01-23 10:35:59.999,BTCUSDT,101920.0,101925.5,101958.57,101920.0,11.90823,939.0,1213987.589141
2025-01-23 10:35:59.999,ETHUSDT,3206.11,3205.02,3206.67,3205.02,41.6153,769.0,133415.957249
2025-01-23 10:35:59.999,BNBUSDT,685.01,684.75,685.02,684.74,141.335,197.0,96808.1987
2025-01-23 10:35:59.999,BTCUSDT,101920.0,101925.51,101958.57,101920.0,11.95154,948.0,1218401.9829549
2025-01-23 10:35:59.999,ETHUSDT,3206.11,3205.02,3206.67,3205.02,41.7254,778.0,133768.830388
2025-01-23 10:35:59.999,BNBUSDT,685.01,684.75,685.02,684.74,141.755,201.0,97095.7937
2025-01-23 10:35:59.999,BTCUSDT,101920.0,101925.5,101958.57,101920.0,12.01171,965.0,1224534.8403005
2025-01-23 10:35:59.999,ETHUSDT,3206.11,3205.02,3206.67,3205.02,41.8481,786.0,134162.086704
2025-01-23 10:35:59.999,BNBUSDT,685.01,684.74,685.02,684.74,142.105,204.0,97335.45452
2025-01-23 10:35:59.999,BTCUSDT,101920.0,101925.51,101958.57,101920.0,12.04594,973.0,1228023.7501897
2025-01-23 10:35:59.999,ETHUSDT,3206.11,3205.03,3206.67,3205.02,42.4912,790.0,136223.240792
2025-01-23 10:35:59.999,BNBUSDT,685.01,684.75,685.02,684.74,143.419,211.0,98235.21586
2025-01-23 10:35:59.999,BTCUSDT,101920.0,101906.0,101958.57,101906.0,12.6914,1359.0,1293805.0746553
2025-01-23 10:35:59.999,ETHUSDT,3206.11,3204.4,3206.67,3204.4,66.5278,887.0,213258.153699
2025-01-23 10:35:59.999,BNBUSDT,685.01,684.7,685.02,684.7,154.289,245.0,105678.16947
2025-01-23 10:35:59.999,BTCUSDT,101920.0,101900.56,101958.57,101900.55,13.122,1553.0,1337685.3199346
2025-01-23 10:35:59.999,ETHUSDT,3206.11,3204.83,3206.67,3204.4,69.3764,1017.0,222387.116171
2025-01-23 10:35:59.999,BNBUSDT,685.01,684.58,685.02,684.53,217.808,303.0,149163.26473
2025-01-23 10:35:59.999,BTCUSDT,101920.0,101900.56,101958.57,101900.55,15.13853,1572.0,1543170.8561864
2025-01-23 10:35:59.999,ETHUSDT,3206.11,3204.84,3206.67,3204.4,69.409,1022.0,222491.593955
2025-01-23 10:35:59.999,BNBUSDT,685.01,684.58,685.02,684.53,218.033,306.0,149317.29523
2025-01-23 10:35:59.999,BTCUSDT,101920.0,101900.55,101958.57,101900.55,15.16477,1588.0,1545844.7267256
2025-01-23 10:35:59.999,ETHUSDT,3206.11,3204.23,3206.67,3204.23,101.4394,1138.0,325142.547021
2025-01-23 10:35:59.999,BNBUSDT,685.01,684.57,685.02,684.53,218.221,308.0,149445.99467
2025-01-23 10:35:59.999,BTCUSDT,101920.0,101900.56,101958.57,101900.55,15.52957,1640.0,1583018.0501638
2025-01-23 10:35:59.999,ETHUSDT,3206.11,3203.48,3206.67,3203.28,123.4019,1354.0,395507.091322
2025-01-23 10:35:59.999,BNBUSDT,685.01,684.58,685.02,684.53,232.587,342.0,159280.56427
2025-01-23 10:35:59.999,BTCUSDT,101920.0,101900.55,101958.57,101900.55,15.54251,1646.0,1584336.6433005
2025-01-23 10:35:59.999,ETHUSDT,3206.11,3203.48,3206.67,3203.28,123.7478,1360.0,396615.174435
2025-01-23 10:35:59.999,BNBUSDT,685.01,684.57,685.02,684.53,232.612,346.0,159297.67852
2025-01-23 10:35:59.999,BTCUSDT,101920.0,101890.34,101958.57,101890.34,17.7375,1920.0,1808006.4310792
2025-01-23 10:35:59.999,ETHUSDT,3206.11,3203.18,3206.67,3203.18,147.1189,1445.0,471483.119322
2025-01-23 10:35:59.999,BNBUSDT,685.01,684.38,685.02,684.38,240.502,415.0,164697.93685
2025-01-23 10:35:59.999,BTCUSDT,101920.0,101870.25,101958.57,101870.25,17.91967,2304.0,1826565.6455036
2025-01-23 10:35:59.999,ETHUSDT,3206.11,3202.32,3206.67,3202.31,156.2319,1597.0,500667.812686
2025-01-23 10:35:59.999,BNBUSDT,685.01,684.28,685.02,684.28,494.711,516.0,338673.17653
2025-01-23 10:35:59.999,BTCUSDT,101920.0,101870.25,101958.57,101870.25,18.01937,2333.0,1836722.1098893
2025-01-23 10:35:59.999,ETHUSDT,3206.11,3201.84,3206.67,3201.73,177.8447,1775.0,569869.841964
2025-01-23 10:35:59.999,BNBUSDT,685.01,684.25,685.02,684.24,505.386,541.0,345977.77323
2025-01-23 10:35:59.999,BTCUSDT,101920.0,101861.6,101958.57,101861.6,18.30521,2514.0,1865839.352433
2025-01-23 10:35:59.999,ETHUSDT,3206.11,3201.84,3206.67,3201.73,178.7943,1787.0,572910.308606
2025-01-23 10:35:59.999,BNBUSDT,685.01,684.24,685.02,684.24,505.747,545.0,346224.78401
2025-01-23 10:35:59.999,BNBUSDT,685.01,684.25,685.02,684.24,505.883,550.0,346317.84165
2025-01-23 10:35:59.999,BTCUSDT,101920.0,101860.0,101958.57,101860.0,18.44167,2560.0,1879739.3712923
2025-01-23 10:36:59.999,BTCUSDT,101860.0,101860.0,101860.0,101860.0,0.0,0.0,0.0
2025-01-23 10:35:59.999,ETHUSDT,3206.11,3201.83,3206.67,3201.73,179.3732,1795.0,574763.848776
2025-01-23 10:36:59.999,ETHUSDT,3201.83,3201.83,3201.83,3201.83,0.0,0.0,0.0
2025-01-23 10:36:59.999,BNBUSDT,684.25,684.25,684.25,684.25,0.0,0.0,0.0
2025-01-23 10:36:59.999,BTCUSDT,101860.0,101858.08,101860.01,101858.07,0.30784,77.0,31356.4105238
2025-01-23 10:36:59.999,ETHUSDT,3201.83,3201.84,3201.84,3201.83,1.9577,10.0,6268.225133
2025-01-23 10:36:59.999,BNBUSDT,684.24,684.25,684.25,684.24,5.44,3.0,3722.2676
2025-01-23 10:36:59.999,BTCUSDT,101860.0,101846.6,101860.01,101846.6,0.95427,259.0,97198.6934778
2025-01-23 10:36:59.999,ETHUSDT,3201.83,3201.59,3201.84,3201.58,67.6886,94.0,216711.686782
2025-01-23 10:36:59.999,BNBUSDT,684.24,684.25,684.25,684.24,7.417,8.0,5075.02459
2025-01-23 10:36:59.999,BTCUSDT,101860.0,101846.61,101860.01,101846.6,0.98449,271.0,100276.4978849
2025-01-23 10:36:59.999,ETHUSDT,3201.83,3201.59,3201.84,3201.58,88.7822,109.0,284244.691437
2025-01-23 10:36:59.999,BNBUSDT,684.24,684.25,684.25,684.24,20.149,19.0,13786.85827
2025-01-23 10:36:59.999,BTCUSDT,101860.0,101846.6,101860.01,101846.6,1.00512,288.0,102377.593269
2025-01-23 10:36:59.999,ETHUSDT,3201.83,3202.02,3202.02,3201.58,94.3501,263.0,302072.273699
2025-01-23 10:36:59.999,BNBUSDT,684.24,684.24,684.25,684.24,20.467,22.0,14004.44659
2025-01-23 10:36:59.999,BTCUSDT,101860.0,101867.05,101867.05,101846.6,1.76749,634.0,180030.1977902
2025-01-23 10:36:59.999,ETHUSDT,3201.83,3202.55,3202.56,3201.58,99.3648,408.0,318131.078324
2025-01-23 10:36:59.999,BNBUSDT,684.24,684.38,684.38,684.24,46.475,96.0,31800.62066
2025-01-23 10:36:59.999,BTCUSDT,101860.0,101867.04,101867.05,101846.6,3.83963,665.0,391112.9867144
2025-01-23 10:36:59.999,ETHUSDT,3201.83,3202.56,3202.56,3201.58,107.3801,424.0,343800.557492
2025-01-23 10:36:59.999,BNBUSDT,684.24,684.4,684.4,684.24,46.531,102.0,31838.94658
2025-01-23 10:36:59.999,BTCUSDT,101860.0,101867.04,101867.05,101846.6,3.86609,677.0,393808.3887974
2025-01-23 10:36:59.999,ETHUSDT,3201.83,3202.56,3202.56,3201.58,108.5945,435.0,347689.746356
2025-01-23 10:36:59.999,BNBUSDT,684.24,684.4,684.4,684.24,46.65,106.0,31920.39018
2025-01-23 10:36:59.999,BTCUSDT,101860.0,101846.73,101867.05,101846.6,4.13917,982.0,421624.4301798
2025-01-23 10:36:59.999,ETHUSDT,3201.83,3202.03,3202.56,3201.58,112.5673,506.0,360412.111923
2025-01-23 10:36:59.999,BNBUSDT,684.24,684.39,684.4,684.24,46.713,109.0,31963.50697
2025-01-23 10:36:59.999,BTCUSDT,101860.0,101846.73,101867.05,101846.6,4.14964,991.0,422690.7654718
2025-01-23 10:36:59.999,BTCUSDT,101860.0,101846.73,101867.05,101846.6,4.14964,991.0,422690.7654718
2025-01-23 10:36:59.999,ETHUSDT,3201.83,3202.19,3202.56,3201.58,115.1422,543.0,368657.091529
2025-01-23 10:36:59.999,BNBUSDT,684.24,684.47,684.47,684.24,56.073,161.0,38369.77581
2025-01-23 10:36:59.999,ETHUSDT,3201.83,3202.19,3202.56,3201.58,115.1422,543.0,368657.091529
2025-01-23 10:36:59.999,BNBUSDT,684.24,684.47,684.47,684.24,56.073,161.0,38369.77581
2025-01-23 10:36:59.999,BTCUSDT,101860.0,101846.73,101867.05,101846.6,4.21034,1009.0,428872.8623936
2025-01-23 10:36:59.999,BTCUSDT,101860.0,101846.73,101867.05,101846.6,4.21034,1009.0,428872.8623936
2025-01-23 10:36:59.999,ETHUSDT,3201.83,3202.2,3202.56,3201.58,116.6156,552.0,373375.203274
2025-01-23 10:36:59.999,ETHUSDT,3201.83,3202.2,3202.56,3201.58,116.6156,552.0,373375.203274
2025-01-23 10:36:59.999,BNBUSDT,684.24,684.48,684.48,684.24,56.526,168.0,38679.84266
2025-01-23 10:36:59.999,BNBUSDT,684.24,684.48,684.48,684.24,56.526,168.0,38679.84266
2025-01-23 10:36:59.999,BTCUSDT,101860.0,101851.41,101867.05,101846.6,4.36657,1127.0,444784.4169543
2025-01-23 10:36:59.999,ETHUSDT,3201.83,3202.55,3202.56,3201.58,118.577,594.0,379656.382314
2025-01-23 10:36:59.999,BTCUSDT,101860.0,101851.41,101867.05,101846.6,4.36657,1127.0,444784.4169543
2025-01-23 10:36:59.999,ETHUSDT,3201.83,3202.55,3202.56,3201.58,118.577,594.0,379656.382314
2025-01-23 10:36:59.999,BNBUSDT,684.24,684.5,684.5,684.24,57.732,180.0,39505.3167
2025-01-23 10:36:59.999,BNBUSDT,684.24,684.5,684.5,684.24,57.732,180.0,39505.3167
2025-01-23 10:36:59.999,BTCUSDT,101860.0,101857.68,101867.05,101846.6,5.58186,1258.0,568563.5397745
2025-01-23 10:36:59.999,BTCUSDT,101860.0,101857.68,101867.05,101846.6,5.58186,1258.0,568563.5397745
2025-01-23 10:36:59.999,ETHUSDT,3201.83,3202.76,3202.77,3201.58,124.1159,654.0,397395.958657
2025-01-23 10:36:59.999,ETHUSDT,3201.83,3202.76,3202.77,3201.58,124.1159,654.0,397395.958657
2025-01-23 10:36:59.999,BNBUSDT,684.24,684.6,684.6,684.24,62.22,227.0,42577.59332
2025-01-23 10:36:59.999,BNBUSDT,684.24,684.6,684.6,684.24,62.22,227.0,42577.59332
2025-01-23 10:36:59.999,BTCUSDT,101860.0,101866.02,101867.05,101846.6,5.80857,1469.0,591656.3470032
2025-01-23 10:36:59.999,BTCUSDT,101860.0,101866.02,101867.05,101846.6,5.80857,1469.0,591656.3470032
2025-01-23 10:36:59.999,ETHUSDT,3201.83,3203.28,3203.29,3201.58,142.3772,872.0,455889.451245
2025-01-23 10:36:59.999,ETHUSDT,3201.83,3203.28,3203.29,3201.58,142.3772,872.0,455889.451245
2025-01-23 10:36:59.999,BNBUSDT,684.24,684.69,684.7,684.24,70.643,294.0,48344.53657
2025-01-23 10:36:59.999,BNBUSDT,684.24,684.69,684.7,684.24,70.643,294.0,48344.53657
2025-01-23 10:36:59.999,BTCUSDT,101860.0,101866.03,101867.05,101846.6,5.81436,1482.0,592246.1513099
2025-01-23 10:36:59.999,BTCUSDT,101860.0,101866.03,101867.05,101846.6,5.81436,1482.0,592246.1513099
2025-01-23 10:36:59.999,ETHUSDT,3201.83,3203.41,3203.41,3201.58,145.9347,938.0,467285.450273
2025-01-23 10:36:59.999,ETHUSDT,3201.83,3203.41,3203.41,3201.58,145.9347,938.0,467285.450273
2025-01-23 10:36:59.999,BNBUSDT,684.24,684.68,684.7,684.24,83.192,323.0,56936.73065
2025-01-23 10:36:59.999,BNBUSDT,684.24,684.68,684.7,684.24,83.192,323.0,56936.73065
2025-01-23 10:36:59.999,BTCUSDT,101860.0,101866.03,101867.05,101846.6,5.84854,1493.0,595727.9322116
2025-01-23 10:36:59.999,BTCUSDT,101860.0,101866.03,101867.05,101846.6,5.84854,1493.0,595727.9322116
2025-01-23 10:36:59.999,ETHUSDT,3201.83,3203.29,3203.41,3201.58,146.8328,967.0,470162.412663
2025-01-23 10:36:59.999,ETHUSDT,3201.83,3203.29,3203.41,3201.58,146.8328,967.0,470162.412663
2025-01-23 10:36:59.999,BNBUSDT,684.24,684.64,684.7,684.24,86.593,340.0,59265.24423
2025-01-23 10:36:59.999,BNBUSDT,684.24,684.64,684.7,684.24,86.593,340.0,59265.24423
2025-01-23 10:36:59.999,BTCUSDT,101860.0,101866.02,101867.05,101846.6,5.85478,1505.0,596363.5762241
2025-01-23 10:36:59.999,ETHUSDT,3201.83,3203.46,3203.46,3201.58,149.1727,1029.0,477658.095304
2025-01-23 10:36:59.999,BNBUSDT,684.24,684.68,684.7,684.24,87.242,363.0,59709.58622
2025-01-23 10:36:59.999,BTCUSDT,101860.0,101866.02,101867.05,101846.6,5.85478,1505.0,596363.5762241
2025-01-23 10:36:59.999,ETHUSDT,3201.83,3203.46,3203.46,3201.58,149.1727,1029.0,477658.095304
2025-01-23 10:36:59.999,BNBUSDT,684.24,684.68,684.7,684.24,87.242,363.0,59709.58622
2025-01-23 10:36:59.999,BTCUSDT,101860.0,101866.03,101867.05,101846.6,5.86604,1512.0,597510.5877145
2025-01-23 10:36:59.999,BTCUSDT,101860.0,101866.03,101867.05,101846.6,5.86604,1512.0,597510.5877145
2025-01-23 10:36:59.999,ETHUSDT,3201.83,3203.46,3203.47,3201.58,149.3328,1033.0,478170.970296
2025-01-23 10:36:59.999,ETHUSDT,3201.83,3203.46,3203.47,3201.58,149.3328,1033.0,478170.970296
2025-01-23 10:36:59.999,BTCUSDT,101860.0,101866.03,101867.05,101846.6,5.92329,1525.0,603342.4177292
2025-01-23 10:36:59.999,BTCUSDT,101860.0,101866.03,101867.05,101846.6,5.92329,1525.0,603342.4177292
2025-01-23 10:36:59.999,ETHUSDT,3201.83,3203.31,3203.47,3201.58,151.0182,1058.0,483569.909699
2025-01-23 10:36:59.999,ETHUSDT,3201.83,3203.31,3203.47,3201.58,151.0182,1058.0,483569.909699
2025-01-23 10:36:59.999,BNBUSDT,684.24,684.69,684.7,684.24,87.292,365.0,59743.82072
2025-01-23 10:36:59.999,BNBUSDT,684.24,684.69,684.7,684.24,87.292,365.0,59743.82072
2025-01-23 10:36:59.999,BTCUSDT,101860.0,101855.84,101867.05,101846.6,6.7195,1700.0,684447.5631319
2025-01-23 10:36:59.999,BTCUSDT,101860.0,101855.84,101867.05,101846.6,6.7195,1700.0,684447.5631319
2025-01-23 10:36:59.999,ETHUSDT,3201.83,3202.84,3203.47,3201.58,158.7316,1213.0,508276.260169
2025-01-23 10:36:59.999,BNBUSDT,684.24,684.69,684.7,684.24,87.881,369.0,60147.09829
2025-01-23 10:36:59.999,ETHUSDT,3201.83,3202.84,3203.47,3201.58,158.7316,1213.0,508276.260169
2025-01-23 10:36:59.999,BNBUSDT,684.24,684.69,684.7,684.24,87.881,369.0,60147.09829
2025-01-23 10:36:59.999,BTCUSDT,101860.0,101855.84,101867.05,101846.6,6.72462,1713.0,684969.0649984
2025-01-23 10:36:59.999,ETHUSDT,3201.83,3202.95,3203.47,3201.58,159.1605,1218.0,509650.005424
2025-01-23 10:36:59.999,BNBUSDT,684.24,684.68,684.7,684.24,88.028,370.0,60247.74625
2025-01-23 10:36:59.999,BTCUSDT,101860.0,101855.84,101867.05,101846.6,6.72462,1713.0,684969.0649984
2025-01-23 10:36:59.999,ETHUSDT,3201.83,3202.95,3203.47,3201.58,159.1605,1218.0,509650.005424
2025-01-23 10:36:59.999,BNBUSDT,684.24,684.68,684.7,684.24,88.028,370.0,60247.74625
2025-01-23 10:36:59.999,BTCUSDT,101860.0,101855.84,101867.05,101846.6,6.77104,1725.0,689697.2130618
2025-01-23 10:36:59.999,ETHUSDT,3201.83,3202.95,3203.47,3201.58,159.3412,1220.0,510228.777403
2025-01-23 10:36:59.999,BNBUSDT,684.24,684.69,684.7,684.24,88.038,371.0,60254.59315
2025-01-23 10:36:59.999,BTCUSDT,101860.0,101855.84,101867.05,101846.6,6.77104,1725.0,689697.2130618
2025-01-23 10:36:59.999,ETHUSDT,3201.83,3202.95,3203.47,3201.58,159.3412,1220.0,510228.777403
2025-01-23 10:36:59.999,BNBUSDT,684.24,684.69,684.7,684.24,88.038,371.0,60254.59315
2025-01-23 10:36:59.999,BTCUSDT,101860.0,101855.83,101867.05,101846.6,6.77585,1735.0,690187.1396149
2025-01-23 10:36:59.999,BTCUSDT,101860.0,101855.83,101867.05,101846.6,6.77585,1735.0,690187.1396149
2025-01-23 10:36:59.999,ETHUSDT,3201.83,3202.94,3203.47,3201.58,159.6223,1228.0,511129.126209
2025-01-23 10:36:59.999,BNBUSDT,684.24,684.69,684.7,684.24,88.708,376.0,60713.32914
2025-01-23 10:36:59.999,ETHUSDT,3201.83,3202.94,3203.47,3201.58,159.6223,1228.0,511129.126209
2025-01-23 10:36:59.999,BNBUSDT,684.24,684.69,684.7,684.24,88.708,376.0,60713.32914
2025-01-23 10:36:59.999,BTCUSDT,101860.0,101855.83,101867.05,101846.6,6.82407,1750.0,695098.6279431
2025-01-23 10:36:59.999,BTCUSDT,101860.0,101855.83,101867.05,101846.6,6.82407,1750.0,695098.6279431
2025-01-23 10:36:59.999,ETHUSDT,3201.83,3202.95,3203.47,3201.58,160.3579,1236.0,513485.216204
2025-01-23 10:36:59.999,ETHUSDT,3201.83,3202.95,3203.47,3201.58,160.3579,1236.0,513485.216204
2025-01-23 10:36:59.999,BTCUSDT,101860.0,101855.84,101867.05,101846.6,6.89005,1761.0,701819.0762647
2025-01-23 10:36:59.999,BTCUSDT,101860.0,101855.84,101867.05,101846.6,6.89005,1761.0,701819.0762647
2025-01-23 10:36:59.999,ETHUSDT,3201.83,3202.94,3203.47,3201.58,161.8871,1247.0,518383.158299
2025-01-23 10:36:59.999,ETHUSDT,3201.83,3202.94,3203.47,3201.58,161.8871,1247.0,518383.158299
2025-01-23 10:36:59.999,BNBUSDT,684.24,684.68,684.7,684.24,88.849,379.0,60809.86921
2025-01-23 10:36:59.999,BNBUSDT,684.24,684.68,684.7,684.24,88.849,379.0,60809.86921
2025-01-23 10:36:59.999,BTCUSDT,101860.0,101855.83,101867.05,101846.6,6.93993,1775.0,706899.6454887
2025-01-23 10:36:59.999,BTCUSDT,101860.0,101855.83,101867.05,101846.6,6.93993,1775.0,706899.6454887
2025-01-23 10:36:59.999,ETHUSDT,3201.83,3202.94,3203.47,3201.58,161.9626,1249.0,518624.980893
2025-01-23 10:36:59.999,BNBUSDT,684.24,684.69,684.7,684.24,90.246,384.0,61766.37152
2025-01-23 10:36:59.999,ETHUSDT,3201.83,3202.94,3203.47,3201.58,161.9626,1249.0,518624.980893
2025-01-23 10:36:59.999,BNBUSDT,684.24,684.69,684.7,684.24,90.246,384.0,61766.37152
2025-01-23 10:36:59.999,BNBUSDT,684.24,684.82,684.85,684.24,125.805,460.0,86114.38182
2025-01-23 10:36:59.999,BTCUSDT,101860.0,101855.83,101867.05,101846.6,6.95868,1783.0,708809.4424268
2025-01-23 10:37:59.999,BTCUSDT,101855.83,101855.83,101855.83,101855.83,0.0,0.0,0.0
2025-01-23 10:36:59.999,ETHUSDT,3201.83,3203.75,3203.76,3201.58,174.7226,1438.0,559496.08544
2025-01-23 10:37:59.999,ETHUSDT,3203.75,3203.75,3203.75,3203.75,0.0,0.0,0.0
2025-01-23 10:37:59.999,BNBUSDT,684.82,684.82,684.82,684.82,0.0,0.0,0.0
2025-01-23 10:36:59.999,BNBUSDT,684.24,684.82,684.85,684.24,125.805,460.0,86114.38182
2025-01-23 10:36:59.999,BTCUSDT,101860.0,101855.83,101867.05,101846.6,6.95868,1783.0,708809.4424268
2025-01-23 10:37:59.999,BTCUSDT,101855.83,101855.83,101855.83,101855.83,0.0,0.0,0.0
2025-01-23 10:36:59.999,ETHUSDT,3201.83,3203.75,3203.76,3201.58,174.7226,1438.0,559496.08544
2025-01-23 10:37:59.999,ETHUSDT,3203.75,3203.75,3203.75,3203.75,0.0,0.0,0.0
2025-01-23 10:37:59.999,BNBUSDT,684.82,684.82,684.82,684.82,0.0,0.0,0.0
2025-01-23 10:37:59.999,BTCUSDT,101855.83,101855.84,101855.84,101855.83,0.1028,10.0,10470.7793604
2025-01-23 10:37:59.999,BTCUSDT,101855.83,101855.84,101855.84,101855.83,0.1028,10.0,10470.7793604
2025-01-23 10:37:59.999,ETHUSDT,3203.75,3203.53,3203.75,3203.52,0.5635,20.0,1805.261917
2025-01-23 10:37:59.999,ETHUSDT,3203.75,3203.53,3203.75,3203.52,0.5635,20.0,1805.261917
2025-01-23 10:37:59.999,BNBUSDT,684.83,684.83,684.83,684.83,2.317,6.0,1586.75111
2025-01-23 10:37:59.999,BNBUSDT,684.83,684.83,684.83,684.83,2.317,6.0,1586.75111
2025-01-23 10:37:59.999,BTCUSDT,101855.83,101855.83,101855.84,101855.83,0.11652,17.0,11868.2414354
2025-01-23 10:37:59.999,BTCUSDT,101855.83,101855.83,101855.84,101855.83,0.11652,17.0,11868.2414354
2025-01-23 10:37:59.999,ETHUSDT,3203.75,3203.53,3203.75,3203.52,1.1633,25.0,3726.739081
2025-01-23 10:37:59.999,ETHUSDT,3203.75,3203.53,3203.75,3203.52,1.1633,25.0,3726.739081
2025-01-23 10:37:59.999,BNBUSDT,684.83,684.82,684.83,684.82,6.333,13.0,4336.98823
2025-01-23 10:37:59.999,BNBUSDT,684.83,684.82,684.83,684.82,6.333,13.0,4336.98823
2025-01-23 10:37:59.999,BTCUSDT,101855.83,101855.83,101855.84,101855.83,0.15278,25.0,15561.5339842
2025-01-23 10:37:59.999,BTCUSDT,101855.83,101855.83,101855.84,101855.83,0.15278,25.0,15561.5339842
2025-01-23 10:37:59.999,ETHUSDT,3203.75,3203.46,3203.75,3203.46,2.5698,56.0,8232.499037
2025-01-23 10:37:59.999,ETHUSDT,3203.75,3203.46,3203.75,3203.46,2.5698,56.0,8232.499037
2025-01-23 10:37:59.999,BNBUSDT,684.83,684.82,684.83,684.82,8.893,20.0,6090.15156
2025-01-23 10:37:59.999,BNBUSDT,684.83,684.82,684.83,684.82,8.893,20.0,6090.15156
2025-01-23 10:37:59.999,BTCUSDT,101855.83,101851.16,101855.84,101851.16,0.45002,150.0,45837.0311397
2025-01-23 10:37:59.999,BTCUSDT,101855.83,101851.16,101855.84,101851.16,0.45002,150.0,45837.0311397
2025-01-23 10:37:59.999,ETHUSDT,3203.75,3203.44,3203.75,3203.43,2.9063,62.0,9310.456457
2025-01-23 10:37:59.999,ETHUSDT,3203.75,3203.44,3203.75,3203.43,2.9063,62.0,9310.456457
2025-01-23 10:37:59.999,BNBUSDT,684.83,684.83,684.83,684.82,8.9,21.0,6094.94537
2025-01-23 10:37:59.999,BNBUSDT,684.83,684.83,684.83,684.82,8.9,21.0,6094.94537
2025-01-23 10:37:59.999,BTCUSDT,101855.83,101851.17,101855.84,101851.16,0.46381,165.0,47241.5586461
2025-01-23 10:37:59.999,BTCUSDT,101855.83,101851.17,101855.84,101851.16,0.46381,165.0,47241.5586461
2025-01-23 10:37:59.999,ETHUSDT,3203.75,3203.44,3203.75,3203.43,3.6628,64.0,11733.858636
2025-01-23 10:37:59.999,ETHUSDT,3203.75,3203.44,3203.75,3203.43,3.6628,64.0,11733.858636
2025-01-23 10:37:59.999,BNBUSDT,684.83,684.81,684.83,684.81,13.6,37.0,9313.59958
2025-01-23 10:37:59.999,BNBUSDT,684.83,684.81,684.83,684.81,13.6,37.0,9313.59958
2025-01-23 10:37:59.999,BTCUSDT,101855.83,101851.17,101855.84,101851.16,0.47266,172.0,48142.9414606
2025-01-23 10:37:59.999,BTCUSDT,101855.83,101851.17,101855.84,101851.16,0.47266,172.0,48142.9414606
2025-01-23 10:37:59.999,ETHUSDT,3203.75,3203.44,3203.75,3203.43,4.3534,68.0,13946.15368
2025-01-23 10:37:59.999,ETHUSDT,3203.75,3203.44,3203.75,3203.43,4.3534,68.0,13946.15368
2025-01-23 10:37:59.999,BNBUSDT,684.83,684.81,684.83,684.8,13.709,39.0,9388.24367
2025-01-23 10:37:59.999,BNBUSDT,684.83,684.81,684.83,684.8,13.709,39.0,9388.24367
2025-01-23 10:37:59.999,BTCUSDT,101855.83,101851.17,101855.84,101851.16,0.52959,187.0,53941.3280445
2025-01-23 10:37:59.999,BTCUSDT,101855.83,101851.17,101855.84,101851.16,0.52959,187.0,53941.3280445
2025-01-23 10:37:59.999,ETHUSDT,3203.75,3203.43,3203.75,3203.43,6.8567,82.0,21965.309999
2025-01-23 10:37:59.999,ETHUSDT,3203.75,3203.43,3203.75,3203.43,6.8567,82.0,21965.309999
2025-01-23 10:37:59.999,BNBUSDT,684.83,684.77,684.83,684.77,24.131,57.0,16525.22827
2025-01-23 10:37:59.999,BNBUSDT,684.83,684.77,684.83,684.77,24.131,57.0,16525.22827
2025-01-23 10:37:59.999,BTCUSDT,101855.83,101851.16,101855.84,101851.16,0.56571,196.0,57620.1919713
2025-01-23 10:37:59.999,BTCUSDT,101855.83,101851.16,101855.84,101851.16,0.56571,196.0,57620.1919713
2025-01-23 10:37:59.999,ETHUSDT,3203.75,3203.44,3203.75,3203.43,7.3405,87.0,23515.130263
2025-01-23 10:37:59.999,ETHUSDT,3203.75,3203.44,3203.75,3203.43,7.3405,87.0,23515.130263
2025-01-23 10:37:59.999,BNBUSDT,684.83,684.77,684.83,684.76,25.361,61.0,17367.48453
2025-01-23 10:37:59.999,BNBUSDT,684.83,684.77,684.83,684.76,25.361,61.0,17367.48453
2025-01-23 10:37:59.999,BTCUSDT,101855.83,101851.17,101855.84,101851.16,0.61739,207.0,62883.8600925
2025-01-23 10:37:59.999,BTCUSDT,101855.83,101851.17,101855.84,101851.16,0.61739,207.0,62883.8600925
2025-01-23 10:37:59.999,ETHUSDT,3203.75,3203.44,3203.75,3203.43,8.3109,90.0,26623.748439
2025-01-23 10:37:59.999,ETHUSDT,3203.75,3203.44,3203.75,3203.43,8.3109,90.0,26623.748439
2025-01-23 10:37:59.999,BNBUSDT,684.83,684.8,684.83,684.76,26.556,81.0,18185.78596
2025-01-23 10:37:59.999,BNBUSDT,684.83,684.8,684.83,684.76,26.556,81.0,18185.78596
2025-01-23 10:37:59.999,BTCUSDT,101855.83,101851.17,101855.84,101851.16,0.83462,237.0,85008.989457
2025-01-23 10:37:59.999,BTCUSDT,101855.83,101851.17,101855.84,101851.16,0.83462,237.0,85008.989457
2025-01-23 10:37:59.999,ETHUSDT,3203.75,3203.94,3203.94,3203.43,15.5592,198.0,49844.754833
2025-01-23 10:37:59.999,ETHUSDT,3203.75,3203.94,3203.94,3203.43,15.5592,198.0,49844.754833
2025-01-23 10:37:59.999,BNBUSDT,684.83,684.87,684.87,684.76,33.989,124.0,23276.07519
2025-01-23 10:37:59.999,BNBUSDT,684.83,684.87,684.87,684.76,33.989,124.0,23276.07519
2025-01-23 10:37:59.999,BTCUSDT,101855.83,101851.82,101855.84,101851.16,2.44503,390.0,249031.1549931
2025-01-23 10:37:59.999,BTCUSDT,101855.83,101851.82,101855.84,101851.16,2.44503,390.0,249031.1549931
2025-01-23 10:37:59.999,ETHUSDT,3203.75,3204.78,3204.78,3203.43,17.9242,323.0,57422.715373
2025-01-23 10:37:59.999,ETHUSDT,3203.75,3204.78,3204.78,3203.43,17.9242,323.0,57422.715373
2025-01-23 10:37:59.999,BNBUSDT,684.83,685.0,685.0,684.76,36.201,176.0,24791.12981
2025-01-23 10:37:59.999,BNBUSDT,684.83,685.0,685.0,684.76,36.201,176.0,24791.12981
2025-01-23 10:37:59.999,BTCUSDT,101855.83,101851.82,101855.84,101851.16,2.45919,403.0,250473.3767643
2025-01-23 10:37:59.999,BTCUSDT,101855.83,101851.82,101855.84,101851.16,2.45919,403.0,250473.3767643
2025-01-23 10:37:59.999,ETHUSDT,3203.75,3204.58,3204.79,3203.43,19.972,350.0,63985.478638
2025-01-23 10:37:59.999,ETHUSDT,3203.75,3204.58,3204.79,3203.43,19.972,350.0,63985.478638
2025-01-23 10:37:59.999,BNBUSDT,684.83,684.97,685.0,684.76,37.226,190.0,25493.25108
2025-01-23 10:37:59.999,BNBUSDT,684.83,684.97,685.0,684.76,37.226,190.0,25493.25108
2025-01-23 10:37:59.999,BTCUSDT,101855.83,101851.81,101855.84,101851.16,2.48154,413.0,252749.7647276
2025-01-23 10:37:59.999,BTCUSDT,101855.83,101851.81,101855.84,101851.16,2.48154,413.0,252749.7647276
2025-01-23 10:37:59.999,ETHUSDT,3203.75,3204.49,3204.79,3203.43,20.0032,351.0,64085.458726
2025-01-23 10:37:59.999,ETHUSDT,3203.75,3204.49,3204.79,3203.43,20.0032,351.0,64085.458726
2025-01-23 10:37:59.999,BNBUSDT,684.83,684.97,685.0,684.76,37.233,191.0,25498.04587
2025-01-23 10:37:59.999,BNBUSDT,684.83,684.97,685.0,684.76,37.233,191.0,25498.04587
2025-01-23 10:37:59.999,BTCUSDT,101855.83,101842.41,101855.84,101842.4,2.92363,515.0,297775.8006616
2025-01-23 10:37:59.999,BTCUSDT,101855.83,101842.41,101855.84,101842.4,2.92363,515.0,297775.8006616
2025-01-23 10:37:59.999,ETHUSDT,3203.75,3204.48,3204.79,3203.43,23.0489,369.0,73845.353819
2025-01-23 10:37:59.999,ETHUSDT,3203.75,3204.48,3204.79,3203.43,23.0489,369.0,73845.353819
2025-01-23 10:37:59.999,BNBUSDT,684.83,684.97,685.0,684.76,37.343,193.0,25573.39156
2025-01-23 10:37:59.999,BNBUSDT,684.83,684.97,685.0,684.76,37.343,193.0,25573.39156
2025-01-23 10:37:59.999,BTCUSDT,101855.83,101842.4,101855.84,101842.4,3.02021,530.0,307611.7399471
2025-01-23 10:37:59.999,ETHUSDT,3203.75,3204.76,3204.79,3203.43,23.1638,410.0,74213.557529
2025-01-23 10:37:59.999,BNBUSDT,684.83,684.97,685.0,684.76,37.35,194.0,25578.18635
2025-01-23 10:37:59.999,BTCUSDT,101855.83,101842.4,101855.84,101842.4,3.02021,530.0,307611.7399471
2025-01-23 10:37:59.999,ETHUSDT,3203.75,3204.76,3204.79,3203.43,23.1638,410.0,74213.557529
2025-01-23 10:37:59.999,BNBUSDT,684.83,684.97,685.0,684.76,37.35,194.0,25578.18635
2025-01-23 10:37:59.999,BTCUSDT,101855.83,101825.48,101855.84,101825.48,3.41977,760.0,348301.8957175
2025-01-23 10:37:59.999,BTCUSDT,101855.83,101825.48,101855.84,101825.48,3.41977,760.0,348301.8957175
2025-01-23 10:37:59.999,ETHUSDT,3203.75,3204.12,3204.79,3203.43,30.7317,502.0,98465.139776
2025-01-23 10:37:59.999,ETHUSDT,3203.75,3204.12,3204.79,3203.43,30.7317,502.0,98465.139776
2025-01-23 10:37:59.999,BNBUSDT,684.83,684.92,685.0,684.76,37.564,212.0,25724.76477
2025-01-23 10:37:59.999,BNBUSDT,684.83,684.92,685.0,684.76,37.564,212.0,25724.76477
